{"pctsp":{"best_iteration":1,"1":{"normal-10_202212-1314-0055-0af411a5-e0e5-486d-9cbf-13fa3c8ece0a_normal_200":{"states":{"5":[0.4570112175397994,0.5786165662053006,0.5311764039143411,0.503522453409481,0.46535360167192935,0.4681194287079425,0.377175769247756,0.5887957388386349,0.4843391160827325,0.5691239942932457,0.5557666935061389,0.478473997260791,0.5757099547263852,0.5029279491176992,0.5415272000863838,0.5449555089708757,0.4281701008620149,0.5442043315669832,0.49280375995940345,0.49245764727981944],"4":[0.7532131962903877,0.7601842023667399,0.7420530158036096,0.7625741968311396,0.7481894356213447,0.7551347406572717,0.750170741680027,0.7718684677144362,0.7519268646993276,0.7456515201308012,0.7542573707172722,0.7594572473001097,0.752654962789136,0.7536526325451499,0.7566128563261412,0.7632292201794144,0.752107088419075,0.7443337832561259,0.7634534223740675,0.7552754350053353],"6":[0.7222520744359571,0.7324202981424902,0.7935883983644995,0.7189458090051062,0.7611340576291626,0.7992225182866882,0.79184530831936,0.7932806674333159,0.7391746702055761,0.7531215130072784,0.7722594050587415,0.7153658085314293,0.7392707870126579,0.7461586430655035,0.716027080806586,0.7538312530955742,0.7401986594980644,0.7125800686909444,0.7145390177389924,0.7622492980889295],"7":[0.6909722973927525,0.6320913169638019,0.5694173584016106,0.711217877375689,0.6384371009450872,0.6645878679939056,0.63702419130471,0.7014982390618978,0.598241453288883,0.5742873055301827,0.6578731590155059,0.7281791263475605,0.7224911845306121,0.6712208880686554,0.6223372888807557,0.6714021186145028,0.607650875232435,0.6386545421111958,0.593273376725894,0.6617719035751805],"2":[0.6177708791033487,0.6655572973650006,0.6691284613024305,0.6235740770181005,0.664343857300648,0.6940407827800736,0.6902165711914612,0.7101066932952241,0.6979777931430662,0.664083752537125,0.6455152145922124,0.6034150295102738,0.6647873697752735,0.6845402580442251,0.6791878079545645,0.5972791945721527,0.6509054519915418,0.6809369506046925,0.6339377217256319,0.737894657924483],"10":[0.09735057280685698,0.6867656404307536,0.012940500969644204,0.32251761359506154,0.24663317692743067,0.5108752043917872,0.7208712108550951,0.1977694965078947,0.5014951625793933,0.1848453461553308,0.3196515984599526,0.26638994495615326,0.7126998354418838,0.6788120267988329,0.42955551590759056,0.3473348443988897,0.5246205780334587,0.41871850324716436,0.1381003898468568,0.5941335439030494],"11":[0.6503856622743452,0.7251985303287193,0.8368730326179973,0.666497319628934,0.6491054685218319,0.6414408103828966,0.6576456798456624,0.5676038120203639,0.7049736172818285,0.6049253658588523,0.6077928434281027,0.7187617744825953,0.6830127193231936,0.7112150143754394,0.7135382480087499,0.5717750517215452,0.5467138904105708,0.7472317845420516,0.660931107036333,0.6322768750535278],"9":[0.7605637820015304,0.7273777934084524,0.7585708000383327,0.7106299751622225,0.7669101349269053,0.7459312403357521,0.7557041187872471,0.7505253157378743,0.775934031503596,0.7538523023224257,0.7574358729577259,0.7410605478509845,0.760841372768409,0.7697161781936886,0.7694239961229716,0.7410206163494638,0.7490609229936922,0.717850395268327,0.7465199069100898,0.7416919612007333],"8":[0.7160271970018227,0.7608205603368804,0.7284913377461949,0.7454650437800691,0.7089104392994282,0.721521208156508,0.724244859560265,0.6868954718647329,0.7746932387664097,0.8078153303645749,0.7784254558926339,0.7843331161842971,0.7504454373834464,0.7212085761209869,0.7551188418025331,0.7423114393854361,0.8143248964348374,0.7376230609604234,0.7398096369816566,0.7547345526219558],"3":[0.7007087258936974,0.5789094837063994,0.6970247183892005,0.7185789854150452,0.5666190362661763,0.6564083141673605,0.6409183924375991,0.6956471287577882,0.646193327361432,0.6034151748551226,0.7346574087733921,0.6888644495763047,0.6133991113950783,0.6956797844672341,0.7616643716589332,0.7055774959074812,0.7501547479235763,0.6891243467044641,0.6361861802699826,0.6563758875243672]}},"weights":{"2":[[0.0038888889124045097],[0.003888888889970337],[0.0038888888890550935],[0.0038888888889201823],[0.0038888888889009546],[0.00388888888889633],[0.0038888889038904938],[0.0038888888896272816],[0.0038888888889773727],[0.0038888888889098278],[0.003888888888898564],[0.0038888888888951815],[0.003888888899045923],[0.003888888889460604],[0.003888888888947513],[0.003888888888904339],[0.003888888888896916],[0.0038888888888943107],[0.003888888895470734],[0.0038888888893212313],[0.0038888888889388913],[0.0038888888889023424],[0.00388888888889621],[0.003888888888893917],[0.0038888888934632115],[0.003888888889214001],[0.0038888888889319073],[0.003888888888901121],[0.0038888888888957453],[0.0038888888888936515],[0.0038888888923473384],[0.0038888888891397376],[0.003888888888926738],[0.0038888888889001463],[0.0038888888888953532],[0.0038888888888934207],[0.0038888888915010814],[0.003888888889090558],[0.0038888888889222137],[0.0038888888888992945],[0.003888888888894994],[0.0038888888888932074],[0.0038888888909860975],[0.003888888889051907],[0.003888888888918021],[0.003888888888898585],[0.003888888888894682],[0.0038888888888930183],[0.003888888890592305],[0.0038888888890142824],[0.003888888888913117],[0.0038888888888977194],[0.0038888888888942864],[0.0038888888888927754],[0.003888888890173423],[0.003888888888979567],[0.003888888888908657],[0.003888888888896847],[0.00388888888889387],[0.003888888888892515],[0.0038888888898529206],[0.003888888888952292],[0.0038888888889045993],[0.003888888888895877],[0.0038888888888933826],[0.0038888888888922012],[0.0038888888895818284],[0.0038888888889403676],[0.003888888888902455],[0.0038888888888952786],[0.003888888888893067],[0.003888888888891993]],"3":[],"1":[[-0.02388888888726578],[-0.023888888886133632],[-0.023888888881245615],[-0.023888888550067794],[-0.013888888888888888],[-0.013888888888888888],[-0.023888888887210386],[-0.023888888885804253],[-0.023888888878461616],[-0.02388888214665319],[-0.013888888888888888],[-0.013888888888888888],[-0.023888888887148803],[-0.02388888888536373],[-0.023888888872483062],[-0.013888888888888888],[-0.013888888888888888],[-0.013888888888888888],[-0.023888888887112526],[-0.023888888885079177],[-0.02388888886366708],[-0.013888888888888888],[-0.013888888888888888],[-0.013888888888888888],[-0.023888888887083855],[-0.023888888884852556],[-0.02388888885324436],[-0.013888888888888888],[-0.013888888888888888],[-0.013888888888888888],[-0.023888888887055676],[-0.023888888884625658],[-0.023888888831152314],[-0.013888888888888888],[-0.013888888888888888],[-0.013888888888888888],[-0.02388888888702629],[-0.023888888884369658],[-0.023888888764364097],[-0.013888888888888888],[-0.013888888888888888],[-0.013888888888888888],[-0.023888888886996917],[-0.023888888884116645],[-0.02388888857754245],[-0.013888888888888888],[-0.013888888888888888],[-0.013888888888888888],[-0.023888888886952675],[-0.023888888883720698],[-0.02388887319484008],[-0.013888888888888888],[-0.013888888888888888],[-0.013888888888888888],[-0.02388888888689643],[-0.023888888883260927],[-0.013888888888888888],[-0.013888888888888888],[-0.013888888888888888],[-0.013888888888888888],[-0.02388888888681164],[-0.023888888882553354],[-0.013888888888888888],[-0.013888888888888888],[-0.013888888888888888],[-0.013888888888888888],[-0.0238888888867461],[-0.023888888881876454],[-0.013888888888888888],[-0.013888888888888888],[-0.013888888888888888],[-0.013888888888888888]]},"objective":66850.21008452357,"loss":7387.540773156048},"settings":{"nb_outer_epochs":1,"nb_inner_epochs":1,"nb_iterations":20,"nb_keep_epochs":10,"portion_keep_epochs":0.5,"early_stopping":5,"nb_scenarios":1,"lr_start":0.01,"fyl_samples":5,"fyl_epsilon":20.0,"look_ahead":6,"demand_quantiles":[0.01,0.05,0.15,0.25,0.35,0.45,0.55,0.65,0.75,0.85,0.95,0.99],"load_model":"none","create_model":true,"sys_cpus":8,"num_threads":1,"milp_solver":"gurobi"},"pretrained":null,"seconds":{"policy evaluation":2.566,"log":0.0,"state transition":11.393999999999997,